CustomerID,Gender,Age,ServiceLength,ContractType,MonthlyCharges,TotalCharges,Churn
1001,Male,34,20,Month-to-Month,30.125991461515895,602.5198292303179,No
1002,Female,26,49,Month-to-Month,104.7139489693785,5130.983499499547,No
1003,Male,50,42,One-Year,73.10853448852428,3070.5584485180198,No
1004,Male,70,35,One-Year,104.17233617446762,3646.0317661063664,Yes
1005,Male,37,50,Two-Year,78.02215187850294,3901.107593925147,No
1006,Female,30,18,Two-Year,75.96884448379399,1367.4392007082918,No
1007,Male,45,17,Month-to-Month,30.52591851970124,518.9406148349211,No
1008,Male,65,24,Two-Year,36.7359733138628,881.6633595327072,No
1009,Male,46,3,Month-to-Month,117.20252564965911,351.60757694897734,No
1010,Female,30,32,Month-to-Month,42.84867467547708,1371.1575896152665,No
1011,Male,63,35,Two-Year,117.7452117990368,4121.082412966288,No
1012,Male,52,38,Month-to-Month,73.19127065242634,2781.268284792201,No
1013,Male,23,13,One-Year,33.578904706393715,436.5257611831183,Yes
1014,Male,35,47,Two-Year,29.930220275369294,1406.7203529423568,Yes
1015,Female,68,25,One-Year,40.886407070573995,1022.1601767643499,No
1016,Male,22,9,Two-Year,112.56373300253358,1013.0735970228022,Yes
1017,Female,64,4,Month-to-Month,61.41502243282268,245.66008973129073,Yes
1018,Female,42,14,Two-Year,59.54342679929144,833.6079751900802,No
1019,Female,19,37,One-Year,51.320626107017404,1898.863165959644,No
1020,Male,27,34,Month-to-Month,34.70618505665884,1180.0102919264004,No
1021,Female,47,11,Two-Year,68.78511971924064,756.6363169116471,Yes
1022,Male,67,41,Two-Year,33.00477825111387,1353.1959082956687,No
1023,Female,62,3,Two-Year,103.54802363823276,310.6440709146983,Yes
1024,Female,22,28,One-Year,57.03969862753065,1597.1115615708582,No
1025,Female,50,29,One-Year,57.48035677817963,1666.9303465672094,No
1026,Female,18,9,Two-Year,67.40064284831558,606.6057856348402,No
1027,Female,35,3,Month-to-Month,64.41277131657516,193.23831394972547,No
1028,Female,49,25,Month-to-Month,119.48579730593215,2987.144932648304,Yes
1029,Female,64,34,One-Year,74.53811212183025,2534.2958121422284,No
1030,Female,66,12,Month-to-Month,28.82017037898707,345.8420445478448,No
1031,Male,28,42,One-Year,80.687734157693,3388.884834623106,No
1032,Male,38,9,Two-Year,35.158429286987996,316.42586358289196,Yes
1033,Female,43,15,One-Year,23.093764473134197,346.406467097013,No
1034,Female,42,40,One-Year,117.07421536772482,4682.968614708992,No
1035,Female,39,25,Two-Year,97.3538891534564,2433.8472288364096,No
1036,Male,44,5,Month-to-Month,118.01089924137669,590.0544962068834,No
1037,Female,66,11,One-Year,67.78784480222424,745.6662928244666,No
1038,Male,30,34,One-Year,73.22575311489761,2489.6756059065187,No
1039,Male,50,24,Two-Year,36.83369559191303,884.0086942059127,No
1040,Male,51,15,Month-to-Month,44.69074266675856,670.3611400013784,No
1041,Male,58,38,One-Year,103.85492149028282,3946.4870166307473,No
1042,Male,52,8,Two-Year,55.61856471175942,444.94851769407535,No
1043,Female,18,5,One-Year,102.6814973796419,513.4074868982095,No
1044,Female,38,48,Two-Year,90.90137242870318,4363.265876577752,No
1045,Female,65,26,Month-to-Month,37.71709252718655,980.6444057068503,No
1046,Female,23,18,Month-to-Month,70.74463661197422,1273.4034590155359,No
1047,Female,45,6,Month-to-Month,87.73873215187169,526.4323929112302,No
1048,Male,34,37,Month-to-Month,43.50372148038251,1609.6376947741528,No
1049,Female,22,48,One-Year,103.06885105200769,4947.304850496369,No
1050,Female,48,13,One-Year,74.48276575451868,968.2759548087429,No
1051,Male,22,28,Month-to-Month,36.52420504426032,1022.6777412392889,Yes
1052,Female,55,5,Month-to-Month,78.29844261646025,391.49221308230125,No
1053,Male,20,13,Month-to-Month,119.9713804155914,1559.627945402688,No
1054,Female,70,17,One-Year,35.05214916634135,595.886535827803,Yes
1055,Male,40,50,Month-to-Month,101.67569301195282,5083.78465059764,No
1056,Female,54,40,Month-to-Month,40.7309003187558,1629.236012750232,No
1057,Female,70,45,Month-to-Month,98.23883294600873,4420.747482570393,Yes
1058,Male,54,32,Two-Year,93.45779231214132,2990.6493539885223,No
1059,Male,27,29,Month-to-Month,50.04893856004324,1451.419218241254,No
1060,Male,27,3,Two-Year,52.58231175644498,157.74693526933493,No
1061,Male,36,40,Two-Year,99.25213919629192,3970.085567851677,No
1062,Male,34,34,Month-to-Month,66.14455118873127,2248.9147404168634,Yes
1063,Male,38,40,Two-Year,93.08180287118088,3723.2721148472356,Yes
1064,Male,31,27,Month-to-Month,34.798414736583474,939.5571978877538,No
1065,Male,26,13,One-Year,105.25577819015535,1368.3251164720195,No
1066,Female,63,45,One-Year,91.08847166823192,4098.981225070436,No
1067,Female,18,33,One-Year,110.69428088348339,3652.9112691549517,Yes
1068,Male,68,6,One-Year,33.237237903497245,199.42342742098347,No
1069,Female,62,24,Two-Year,79.30145003605978,1903.2348008654346,Yes
1070,Female,30,19,Month-to-Month,79.91205850403252,1518.3291115766178,Yes
1071,Female,21,16,Month-to-Month,55.34607405467825,885.537184874852,No
1072,Female,18,40,Month-to-Month,65.84664245692578,2633.8656982770312,No
1073,Male,66,28,One-Year,23.798156328985346,666.3483772115896,No
1074,Female,57,33,One-Year,94.5860038627012,3121.3381274691396,No
1075,Male,49,48,Month-to-Month,74.93224794031741,3596.7479011352357,No
1076,Female,51,41,One-Year,25.774105186917378,1056.7383126636125,No
1077,Female,45,13,Month-to-Month,88.07558929604855,1144.9826608486312,No
1078,Female,48,43,Month-to-Month,66.67820772311879,2867.162932094108,No
1079,Male,25,45,Month-to-Month,23.4461259425,1055.0756674125,No
1080,Female,56,25,Month-to-Month,116.96077268480954,2924.0193171202386,No
1081,Male,43,42,Month-to-Month,114.91121430894405,4826.27100097565,Yes
1082,Female,51,36,Month-to-Month,71.29024161471975,2566.448698129911,No
1083,Male,20,27,Month-to-Month,29.36724207059102,792.9155359059575,Yes
1084,Female,67,38,One-Year,95.46212215985918,3627.560642074649,No
1085,Male,29,7,Month-to-Month,69.1931100105729,484.35177007401023,No
1086,Male,18,5,Month-to-Month,50.24474782893799,251.22373914468994,Yes
1087,Female,61,43,One-Year,69.14181775285567,2973.098163372794,Yes
1088,Male,22,45,One-Year,72.24441454054644,3250.99865432459,No
1089,Female,47,31,One-Year,76.27116990223392,2364.4062669692516,No
1090,Female,47,23,Month-to-Month,64.12237136553264,1474.8145414072508,Yes
1091,Female,34,42,Two-Year,80.57553031390566,3384.1722731840377,No
1092,Female,65,10,Two-Year,111.87347106063774,1118.7347106063773,No
1093,Female,64,32,One-Year,56.226808709859114,1799.2578787154916,No
1094,Female,40,43,Two-Year,92.5716463219949,3980.580791845781,No
1095,Female,32,30,One-Year,109.44525568242322,3283.3576704726966,No
1096,Female,54,39,Month-to-Month,65.5979275759937,2558.319175463754,No
1097,Female,38,31,Two-Year,64.34558363819042,1994.713092783903,No
1098,Female,31,18,Month-to-Month,80.21169853547795,1443.810573638603,No
1099,Female,19,36,Two-Year,79.1406759422488,2849.064333920957,Yes
1100,Male,28,2,Month-to-Month,100.6589342326277,201.3178684652554,Yes
1101,Male,68,14,Two-Year,67.64833837782928,947.0767372896098,Yes
1102,Female,56,13,Month-to-Month,119.61229496394411,1554.9598345312734,No
1103,Female,55,29,Month-to-Month,25.947156886728077,752.4675497151143,No
1104,Female,51,12,Two-Year,20.316784858070175,243.8014182968421,No
1105,Female,55,39,Month-to-Month,84.01983115596238,3276.7734150825327,No
1106,Female,67,2,Month-to-Month,49.843491236187674,99.68698247237535,No
1107,Female,51,32,Month-to-Month,44.03823886994838,1409.2236438383482,Yes
1108,Female,35,13,Two-Year,51.18990800042805,665.4688040055646,No
1109,Female,47,46,Two-Year,45.604756510495434,2097.81879948279,No
1110,Male,32,27,Month-to-Month,23.079004966044785,623.1331340832091,No
1111,Female,44,49,Month-to-Month,117.15330423905887,5740.511907713884,No
1112,Male,68,41,Two-Year,42.07454884527817,1725.056502656405,No
1113,Female,51,17,Two-Year,93.40297625893064,1587.850596401821,No
1114,Female,69,40,Month-to-Month,96.25963946941752,3850.3855787767006,No
1115,Male,55,31,Month-to-Month,112.92573980072292,3500.6979338224105,No
1116,Female,50,34,Month-to-Month,23.054945709337996,783.8681541174918,No
1117,Male,41,24,One-Year,107.20483384470077,2572.9160122728185,Yes
1118,Female,32,45,Two-Year,72.72261808398002,3272.517813779101,No
1119,Female,47,35,One-Year,83.25441099658279,2913.9043848803976,Yes
1120,Male,59,48,Two-Year,84.44702771210336,4053.4573301809614,No
1121,Female,68,6,Two-Year,101.97978049847275,611.8786829908365,Yes
1122,Male,34,19,Two-Year,53.34073221591105,1013.47391210231,No
1123,Female,22,30,Two-Year,93.30511898599934,2799.1535695799803,No
1124,Male,46,7,Two-Year,72.85781097221971,510.004676805538,No
1125,Male,21,10,Two-Year,99.33940143053478,993.3940143053478,Yes
1126,Female,27,41,Two-Year,119.05460327701334,4881.238734357547,Yes
1127,Female,34,32,One-Year,40.06510174037612,1282.083255692036,Yes
1128,Male,27,34,Month-to-Month,119.46486415599979,4061.805381303993,Yes
1129,Female,34,28,Month-to-Month,28.9812154282774,811.4740319917672,Yes
1130,Female,37,15,One-Year,20.231754790481386,303.4763218572208,No
1131,Female,41,30,One-Year,24.416193617783126,732.4858085334938,Yes
1132,Male,22,37,One-Year,54.17824047367617,2004.5948975260183,Yes
1133,Male,51,29,One-Year,83.29063306784342,2415.428358967459,No
1134,Male,23,22,Two-Year,26.902954088784963,591.8649899532692,No
1135,Male,70,4,Month-to-Month,20.566581452956726,82.2663258118269,No
1136,Male,19,20,Two-Year,113.70910284587947,2274.1820569175893,No
1137,Male,30,32,Month-to-Month,102.19266359399296,3270.1652350077748,No
1138,Male,60,36,Month-to-Month,100.9183171139031,3633.0594161005115,Yes
1139,Male,60,50,One-Year,108.4424275501977,5422.121377509885,No
1140,Male,65,4,Two-Year,90.00342727721043,360.01370910884174,No
1141,Female,28,27,One-Year,30.440412974808144,821.8911503198199,Yes
1142,Male,68,17,Two-Year,59.9100188073723,1018.4703197253292,No
1143,Female,64,12,Month-to-Month,92.31494864646295,1107.7793837575555,Yes
1144,Female,40,22,One-Year,48.03344607915209,1056.735813741346,Yes
1145,Female,33,17,One-Year,88.74063641362376,1508.590819031604,No
1146,Male,48,10,Month-to-Month,22.449844826765236,224.49844826765235,No
1147,Male,28,1,Month-to-Month,50.61373408795932,50.61373408795932,No
1148,Male,33,22,Month-to-Month,74.91303362771727,1648.0867398097798,Yes
1149,Male,25,26,One-Year,83.20898295062423,2163.43355671623,No
1150,Female,21,18,Two-Year,77.70406644619109,1398.6731960314396,No
1151,Male,57,50,One-Year,89.77562760734295,4488.781380367148,No
1152,Male,21,14,Two-Year,20.608874823983907,288.5242475357747,No
1153,Male,42,47,One-Year,30.09411999775215,1414.423639894351,Yes
1154,Male,20,29,One-Year,106.89442522791451,3099.938331609521,Yes
1155,Male,49,12,Month-to-Month,88.17486440901612,1058.0983729081936,No
1156,Female,20,36,Two-Year,31.29316426860113,1126.5539136696407,No
1157,Male,44,35,One-Year,104.20744373985792,3647.2605308950274,No
1158,Female,46,12,One-Year,44.22312178245669,530.6774613894802,No
1159,Male,49,7,Month-to-Month,67.82598841952235,474.78191893665644,No
1160,Female,67,29,Month-to-Month,34.51965128846603,1001.0698873655149,Yes
1161,Male,68,11,Two-Year,91.01100564217066,1001.1210620638773,No
1162,Male,36,33,One-Year,86.68544210142679,2860.619589347084,Yes
1163,Female,38,6,Two-Year,41.11124711661362,246.66748269968173,No
1164,Female,22,47,One-Year,106.34007668570018,4997.9836042279085,No
1165,Female,35,15,Two-Year,60.13060242197122,901.9590363295683,No
1166,Male,45,32,Month-to-Month,49.251509107074185,1576.048291426374,No
1167,Female,59,11,One-Year,35.23295894645354,387.562548410989,Yes
1168,Male,39,23,Two-Year,46.616801251553746,1072.186428785736,Yes
1169,Male,38,26,Month-to-Month,22.2026921223817,577.2699951819242,Yes
1170,Female,23,34,Month-to-Month,78.32574924561156,2663.0754743507932,No
1171,Female,18,46,Two-Year,104.22307463439479,4794.2614331821605,No
1172,Male,22,34,One-Year,74.89804494416418,2546.5335281015823,No
1173,Male,58,29,One-Year,41.927396192387576,1215.8944895792397,Yes
1174,Female,29,4,Month-to-Month,23.366917821387272,93.46767128554909,No
1175,Female,43,17,One-Year,41.462807325880284,704.8677245399648,No
1176,Female,63,35,One-Year,61.61214280710923,2156.424998248823,No
1177,Male,51,13,One-Year,95.96114286997965,1247.4948573097354,No
1178,Male,66,41,Month-to-Month,38.78428525377741,1590.155695404874,No
1179,Male,31,39,Two-Year,91.97914533546862,3587.186668083276,No
1180,Male,43,15,One-Year,106.69334683518836,1600.4002025278255,Yes
1181,Male,62,29,Month-to-Month,65.39468481083571,1896.4458595142357,No
1182,Male,44,29,Month-to-Month,102.14319916425933,2962.1527757635204,Yes
1183,Female,26,11,Two-Year,75.46573480350956,830.1230828386052,No
1184,Male,43,32,One-Year,83.7090837080905,2678.690678658896,No
1185,Male,64,2,One-Year,72.62784603382028,145.25569206764055,No
1186,Male,39,47,Two-Year,66.31727167513418,3116.9117687313064,No
1187,Female,64,14,Two-Year,43.46534417758494,608.5148184861891,No
1188,Male,47,20,Month-to-Month,50.31940594610461,1006.3881189220922,No
1189,Male,60,22,Month-to-Month,48.9970118943609,1077.9342616759398,No
1190,Female,65,11,Two-Year,76.32889309538147,839.6178240491962,No
1191,Male,34,27,One-Year,31.995369302388994,863.8749711645029,No
1192,Male,43,3,Month-to-Month,111.67916907023351,335.03750721070054,No
1193,Male,53,17,Month-to-Month,92.06551452831133,1565.1137469812925,No
1194,Male,18,44,One-Year,60.14456309131936,2646.360776018052,No
1195,Male,25,28,Month-to-Month,35.86241445263779,1004.1476046738583,No
1196,Female,66,29,One-Year,108.19921697216358,3137.777292192744,No
1197,Female,52,21,One-Year,102.37780901011652,2149.933989212447,Yes
1198,Female,69,47,One-Year,92.17215527171793,4332.091297770742,Yes
1199,Male,32,16,Two-Year,47.154704741124235,754.4752758579878,No
1200,Male,64,37,Two-Year,60.24466374336689,2229.0525585045752,Yes
1201,Male,39,20,Two-Year,30.274825245242337,605.4965049048467,No
1202,Female,31,6,One-Year,38.903952472753176,233.42371483651905,No
1203,Male,43,19,One-Year,98.30166373167329,1867.7316109017925,No
1204,Male,45,5,Two-Year,91.50387188506838,457.5193594253419,No
1205,Female,40,3,Month-to-Month,79.34857629759347,238.0457288927804,No
1206,Male,31,1,One-Year,109.57267259261728,109.57267259261728,No
1207,Female,41,38,Month-to-Month,78.32665178130455,2976.412767689573,No
1208,Female,19,15,Month-to-Month,66.69679999636108,1000.4519999454162,No
1209,Female,62,34,One-Year,54.03707463057627,1837.2605374395932,No
1210,Male,43,35,One-Year,114.04485057361725,3991.569770076604,Yes
1211,Male,31,49,Month-to-Month,28.27154615243535,1385.305761469332,No
1212,Male,68,25,Month-to-Month,113.08873720608084,2827.218430152021,No
1213,Male,24,24,Two-Year,102.67146599310183,2464.115183834444,No
1214,Male,20,12,Two-Year,32.992992453570125,395.9159094428415,No
1215,Male,64,18,One-Year,76.49843576752536,1376.9718438154566,No
1216,Male,40,15,Two-Year,106.65479817490869,1599.8219726236305,No
1217,Female,63,44,Two-Year,77.18091636071537,3395.9603198714763,No
1218,Male,60,16,Two-Year,110.71998215606223,1771.5197144969957,Yes
1219,Female,64,27,Two-Year,114.29838168160425,3086.056305403315,Yes
1220,Male,62,8,Month-to-Month,62.23845221843059,497.9076177474447,No
1221,Male,35,46,One-Year,57.73136614063236,2655.6428424690885,No
1222,Male,55,25,Two-Year,113.63211539691568,2840.802884922892,No
1223,Female,52,17,Month-to-Month,87.5140061149668,1487.7381039544357,No
1224,Female,68,29,Month-to-Month,31.602268134816928,916.4657759096909,No
1225,Female,32,8,Month-to-Month,24.229174922268122,193.83339937814497,No
1226,Female,42,15,Two-Year,76.46290509972631,1146.9435764958946,Yes
1227,Male,54,27,Two-Year,113.01709654384246,3051.461606683746,No
1228,Female,45,46,One-Year,104.42487024058184,4803.544031066765,Yes
1229,Male,27,50,Two-Year,87.58477464643364,4379.238732321683,Yes
1230,Male,56,7,Two-Year,33.91158488910875,237.38109422376127,No
1231,Female,34,3,Month-to-Month,45.42313837486956,136.26941512460868,Yes
1232,Female,56,29,One-Year,107.55112265526162,3118.982557002587,Yes
1233,Female,39,44,Two-Year,38.28072366569005,1684.351841290362,Yes
1234,Female,43,24,Two-Year,47.84394082504346,1148.254579801043,No
1235,Female,61,3,Month-to-Month,32.9600651195442,98.88019535863259,No
1236,Female,42,20,Month-to-Month,87.61082314144112,1752.2164628288224,No
1237,Female,34,46,Two-Year,114.39823053632097,5262.318604670764,No
1238,Female,30,15,One-Year,46.89680315953859,703.4520473930788,No
1239,Male,37,25,One-Year,67.54066078500736,1688.516519625184,No
1240,Female,42,30,Month-to-Month,83.43397397112042,2503.0192191336128,Yes
1241,Female,21,14,Month-to-Month,119.94662482156306,1679.2527475018828,No
1242,Male,27,7,Two-Year,30.48080649975721,213.36564549830047,No
1243,Female,20,17,Month-to-Month,69.85707995057092,1187.5703591597057,No
1244,Male,58,44,Two-Year,58.51201199025,2574.5285275710003,No
1245,Male,62,20,One-Year,106.58201652223552,2131.6403304447103,No
1246,Female,35,36,One-Year,67.59677310116558,2433.483831641961,No
1247,Male,64,9,Two-Year,31.097752458514808,279.87977212663327,No
1248,Male,53,38,Month-to-Month,83.44241452865836,3170.811752089018,No
1249,Male,64,48,One-Year,97.07806182638798,4659.746967666623,No
1250,Male,39,22,Month-to-Month,20.28812516656146,446.3387536643521,No
1251,Female,51,2,One-Year,105.89566854206295,211.7913370841259,No
1252,Male,64,24,Two-Year,38.60230000056656,926.4552000135974,No
1253,Female,25,8,Two-Year,75.20693646533778,601.6554917227022,Yes
1254,Male,57,11,Two-Year,61.579750068745014,677.3772507561952,No
1255,Male,66,13,One-Year,91.96538166105304,1195.5499615936897,Yes
1256,Male,61,17,Month-to-Month,57.116161478574185,970.9747451357612,No
1257,Male,36,8,Month-to-Month,106.97631766817108,855.8105413453686,No
1258,Female,59,21,Month-to-Month,93.04963609587902,1954.0423580134595,No
1259,Female,58,18,One-Year,84.77131710629214,1525.8837079132586,Yes
1260,Male,54,30,One-Year,99.62405955628543,2988.721786688563,No
1261,Male,23,18,One-Year,95.40230349283823,1717.241462871088,Yes
1262,Female,69,46,One-Year,23.593867492155333,1085.3179046391454,No
1263,Male,43,47,One-Year,59.47343538448281,2795.2514630706924,No
1264,Male,51,31,Month-to-Month,113.08072973164899,3505.5026216811184,No
1265,Male,62,38,One-Year,32.57242689922262,1237.7522221704596,No
1266,Female,23,32,One-Year,93.70965504320512,2998.7089613825638,No
1267,Female,54,11,Month-to-Month,117.45918113353297,1292.0509924688627,Yes
1268,Female,50,45,One-Year,25.219862904497163,1134.8938307023723,No
1269,Male,70,25,Month-to-Month,88.21938806266104,2205.484701566526,No
1270,Male,39,33,Month-to-Month,66.81541413010304,2204.9086662934,No
1271,Female,38,38,Two-Year,77.91752553747222,2960.8659704239444,No
1272,Female,23,41,Two-Year,28.534133648432487,1169.899479585732,Yes
1273,Female,23,8,Two-Year,24.30069518669395,194.4055614935516,No
1274,Female,65,11,Two-Year,86.68666605509218,953.5533266060139,No
1275,Male,21,22,One-Year,102.33094298207179,2251.2807456055793,No
1276,Female,47,24,Two-Year,98.20153349329672,2356.8368038391213,Yes
1277,Male,28,41,Month-to-Month,74.38057278662373,3049.603484251573,Yes
1278,Female,47,17,One-Year,29.986682113617817,509.7735959315029,No
1279,Male,48,12,Two-Year,88.80444438360138,1065.6533326032165,No
1280,Female,41,46,Month-to-Month,44.18888835541459,2032.688864349071,Yes
1281,Female,26,32,One-Year,111.10687027673836,3555.4198488556276,No
1282,Female,20,15,One-Year,103.82653595457049,1557.3980393185573,No
1283,Female,68,16,Two-Year,90.93829670873909,1455.0127473398254,No
1284,Male,48,22,One-Year,114.88459558311304,2527.4611028284867,No
1285,Female,57,28,Month-to-Month,23.142182151127294,647.9811002315643,No
1286,Male,54,20,One-Year,93.6200425060762,1872.400850121524,No
1287,Male,53,33,Month-to-Month,53.02427793364053,1749.8011718101377,No
1288,Male,41,10,One-Year,110.60658856863652,1106.0658856863652,No
1289,Male,48,40,Two-Year,46.66751966619776,1866.7007866479105,Yes
1290,Female,23,32,Month-to-Month,92.48564993150171,2959.540797808055,Yes
1291,Male,19,50,One-Year,107.76470196507815,5388.235098253907,No
1292,Male,37,33,One-Year,24.16568183826824,797.467500662852,Yes
1293,Male,45,2,One-Year,59.764757959203614,119.52951591840723,No
1294,Female,28,33,Month-to-Month,96.23090320219387,3175.619805672398,Yes
1295,Female,21,33,Month-to-Month,65.4918889507587,2161.232335375037,Yes
1296,Female,32,41,Month-to-Month,46.72526297935953,1915.7357821537407,No
1297,Female,23,13,Two-Year,41.980534882319006,545.7469534701471,No
1298,Male,66,30,Two-Year,33.151826691637794,994.5548007491338,No
1299,Male,47,33,Month-to-Month,105.71295598562823,3488.5275475257313,Yes
1300,Female,55,13,One-Year,77.53554032515561,1007.9620242270229,Yes
1301,Male,68,26,Two-Year,27.638494499145597,718.6008569777855,No
1302,Male,19,22,Month-to-Month,58.25803235706354,1281.676711855398,No
1303,Male,32,39,One-Year,56.77336508051099,2214.1612381399286,No
1304,Female,28,2,Two-Year,38.1739190709463,76.3478381418926,No
1305,Female,25,38,One-Year,63.550762547219065,2414.9289767943246,No
1306,Male,43,39,One-Year,53.209936539313645,2075.1875250332323,No
1307,Female,68,26,One-Year,54.18037054921825,1408.6896342796745,No
1308,Female,62,46,One-Year,93.90265577879586,4319.52216582461,No
1309,Female,61,50,Two-Year,42.32633855051963,2116.3169275259816,No
1310,Female,22,15,Two-Year,84.18599588553555,1262.7899382830333,No
1311,Female,23,34,Two-Year,77.06496238809349,2620.208721195179,No
1312,Male,43,42,Month-to-Month,76.80925123378672,3225.9885518190426,No
1313,Female,21,44,Two-Year,86.30073461417759,3797.232323023814,Yes
1314,Male,36,49,One-Year,74.8382036195654,3667.0719773587048,Yes
1315,Male,37,40,Two-Year,107.92551148463846,4317.020459385539,No
1316,Female,50,11,One-Year,87.55800919502597,963.1381011452858,No
1317,Male,37,3,Month-to-Month,74.69632513713881,224.08897541141644,Yes
1318,Male,66,6,One-Year,102.97631202876448,617.8578721725869,No
1319,Male,29,9,One-Year,80.61465649334798,725.5319084401318,No
1320,Female,64,6,One-Year,49.1144247785179,294.6865486711074,No
1321,Female,18,9,Month-to-Month,40.709491817657124,366.3854263589141,No
1322,Male,43,39,Two-Year,35.23277856626788,1374.0783640844475,No
1323,Female,31,31,Two-Year,109.94552125461016,3408.311158892915,Yes
1324,Female,55,32,Month-to-Month,91.01354317980658,2912.4333817538104,Yes
1325,Female,54,41,One-Year,113.73784381643208,4663.251596473715,Yes
1326,Female,28,50,Two-Year,80.3291805714943,4016.4590285747154,No
1327,Male,53,12,Month-to-Month,67.34008814949127,808.0810577938952,Yes
1328,Male,30,8,Two-Year,25.971648897088933,207.77319117671146,No
1329,Female,60,8,Month-to-Month,87.16422815460298,697.3138252368238,No
1330,Female,20,50,One-Year,78.22087597682312,3911.0437988411563,No
1331,Male,50,28,Two-Year,119.02088935876215,3332.58490204534,Yes
1332,Male,23,20,Month-to-Month,43.9158777782243,878.3175555644859,Yes
1333,Female,67,47,Two-Year,73.07373552868359,3434.4655698481283,Yes
1334,Male,27,7,Two-Year,85.09573351180727,595.6701345826509,No
1335,Female,22,11,Two-Year,84.45911747423436,929.050292216578,No
1336,Female,40,20,Two-Year,76.12935429484027,1522.5870858968053,Yes
1337,Male,27,16,Month-to-Month,97.69280103272254,1563.0848165235607,Yes
1338,Male,61,4,One-Year,40.498120952681646,161.99248381072658,Yes
1339,Female,19,6,Month-to-Month,92.56272002744159,555.3763201646495,Yes
1340,Female,30,22,Month-to-Month,81.97345714330892,1803.4160571527962,No
1341,Male,57,26,Month-to-Month,109.60751117945733,2849.7952906658907,No
1342,Female,19,3,One-Year,104.71944390335817,314.1583317100745,No
1343,Male,37,41,Two-Year,51.514703913255325,2112.102860443468,No
1344,Female,18,42,Two-Year,47.623732497515306,2000.196764895643,Yes
1345,Male,54,14,Two-Year,118.16533238524478,1654.3146533934269,No
1346,Male,26,11,One-Year,72.72651809152566,799.9916990067823,No
1347,Male,34,18,Two-Year,110.64209639144369,1991.5577350459864,No
1348,Female,26,12,One-Year,36.38810237804822,436.6572285365786,No
1349,Female,28,23,Two-Year,84.28189148001742,1938.4835040404007,Yes
1350,Male,32,12,Two-Year,100.98601873605861,1211.8322248327033,Yes
1351,Female,41,13,Month-to-Month,114.73952495864468,1491.6138244623808,Yes
1352,Male,55,25,One-Year,53.73401410170235,1343.3503525425588,No
1353,Male,52,45,Month-to-Month,92.49811699240524,4162.415264658236,No
1354,Female,47,19,Month-to-Month,73.8813009039619,1403.744717175276,No
1355,Female,48,46,Month-to-Month,26.06289260664682,1198.8930599057537,No
1356,Male,66,36,One-Year,88.99997373089434,3203.999054312196,No
1357,Female,22,45,One-Year,89.00965582378434,4005.4345120702956,No
1358,Female,61,8,Two-Year,113.0606804846537,904.4854438772296,Yes
1359,Male,67,29,Month-to-Month,69.73124461689724,2022.20609389002,No
1360,Male,31,32,Two-Year,43.02509207105147,1376.802946273647,Yes
1361,Female,70,44,Month-to-Month,24.456382344867915,1076.0808231741883,No
1362,Male,28,18,One-Year,61.56421866859057,1108.1559360346303,No
1363,Male,26,6,One-Year,50.19167000775018,301.1500200465011,Yes
1364,Female,51,18,One-Year,96.10883060238756,1729.958950842976,No
1365,Male,29,19,Month-to-Month,55.426776484104664,1053.1087531979886,No
1366,Male,52,22,One-Year,114.90711963148439,2527.956631892657,No
1367,Female,52,37,Month-to-Month,116.23102029877842,4300.547751054802,No
1368,Female,18,32,Two-Year,82.0908590217708,2626.9074886966655,No
1369,Male,57,41,Month-to-Month,112.86602870148829,4627.50717676102,Yes
1370,Male,39,3,Two-Year,96.08543445144956,288.2563033543487,Yes
1371,Female,46,28,Month-to-Month,74.68596409751262,2091.2069947303535,Yes
1372,Female,25,10,Two-Year,38.03079354227781,380.30793542277814,No
1373,Female,28,35,One-Year,65.859794351384,2305.09280229844,Yes
1374,Female,58,29,Two-Year,76.08744633626176,2206.5359437515913,No
1375,Male,54,15,One-Year,106.39615807350101,1595.9423711025152,No
1376,Female,31,33,One-Year,68.13333765356649,2248.400142567694,No
1377,Female,47,7,Two-Year,109.76746726779567,768.3722708745697,No
1378,Male,52,12,Month-to-Month,87.43489790234689,1049.2187748281626,No
1379,Female,38,49,Month-to-Month,33.699906305367136,1651.2954089629898,No
1380,Male,54,30,Month-to-Month,119.4981369325093,3584.9441079752787,Yes
1381,Female,22,21,Month-to-Month,72.72326607539127,1527.1885875832165,Yes
1382,Female,36,31,Month-to-Month,59.18582964090789,1834.7607188681445,No
1383,Female,31,24,One-Year,85.91137644695266,2061.873034726864,Yes
1384,Male,43,20,Month-to-Month,30.889331398103906,617.7866279620781,Yes
1385,Male,21,37,One-Year,83.65386467533543,3095.192992987411,No
1386,Female,42,4,One-Year,69.8236000499273,279.2944001997092,Yes
1387,Male,62,28,One-Year,60.667406999858315,1698.6873959960328,No
1388,Male,59,44,Two-Year,115.30200211788991,5073.288093187156,Yes
1389,Male,42,20,Two-Year,72.25397167320531,1445.0794334641064,No
1390,Male,35,24,One-Year,41.91174794699384,1005.8819507278522,No
1391,Male,57,50,Two-Year,65.89634793772987,3294.8173968864935,No
1392,Male,25,49,Month-to-Month,111.93874045726727,5484.998282406096,No
1393,Female,56,32,Month-to-Month,37.609547133059465,1203.5055082579029,No
1394,Female,57,41,One-Year,41.39570386882369,1697.2238586217711,Yes
1395,Male,31,36,Month-to-Month,21.302956775708374,766.9064439255014,No
1396,Female,49,34,One-Year,21.419004939576716,728.2461679456084,No
1397,Female,68,36,One-Year,102.93916269585125,3705.809857050645,No
1398,Female,55,2,Month-to-Month,93.21226068429559,186.42452136859117,No
1399,Female,50,15,Two-Year,55.50410564519583,832.5615846779374,Yes
1400,Male,40,34,Month-to-Month,89.83111572275727,3054.257934573747,No
1401,Female,32,36,Month-to-Month,59.52059263099702,2142.7413347158927,No
1402,Female,50,6,One-Year,115.28967959978274,691.7380775986965,Yes
1403,Male,42,39,One-Year,116.70526814260349,4551.505457561536,No
1404,Male,34,42,One-Year,59.27937758093434,2489.7338583992423,Yes
1405,Female,50,12,One-Year,105.4221906340868,1265.0662876090416,Yes
1406,Female,64,3,Two-Year,97.30890416974661,291.92671250923985,Yes
1407,Female,19,45,Two-Year,50.99999371717893,2294.999717273052,Yes
1408,Female,31,18,Two-Year,43.203982890110595,777.6716920219907,No
1409,Female,70,40,One-Year,65.82346503928338,2632.9386015713353,Yes
1410,Female,57,21,One-Year,98.13488406144063,2060.832565290253,No
1411,Male,57,15,One-Year,116.01677847287455,1740.2516770931181,No
1412,Female,68,33,Two-Year,96.35790688665726,3179.81092725969,Yes
1413,Female,56,35,One-Year,105.520698501837,3693.224447564295,No
1414,Male,68,26,Month-to-Month,80.30643061705166,2087.9671960433434,No
1415,Male,23,8,Month-to-Month,103.54078308421259,828.3262646737007,No
1416,Male,23,36,One-Year,98.44208580034177,3543.915088812304,Yes
1417,Male,20,48,Month-to-Month,57.69855419262801,2769.530601246144,No
1418,Female,24,30,Month-to-Month,75.1990302120721,2255.970906362163,No
1419,Female,68,23,Two-Year,100.47531219896949,2310.9321805762984,Yes
1420,Female,25,42,One-Year,24.605673418995636,1033.4382835978167,Yes
1421,Female,59,44,One-Year,100.80792823558299,4435.548842365652,No
1422,Female,69,14,Two-Year,37.788812404902345,529.0433736686329,Yes
1423,Female,32,14,Month-to-Month,71.46836171214389,1000.5570639700145,No
1424,Male,64,2,Month-to-Month,100.82754395559377,201.65508791118754,No
1425,Female,46,37,One-Year,45.382107815669485,1679.137989179771,No
1426,Male,50,5,Month-to-Month,44.5807439306153,222.9037196530765,No
1427,Male,69,38,Two-Year,60.27643984622519,2290.504714156557,Yes
1428,Female,47,45,Two-Year,109.46427975776345,4925.892589099355,Yes
1429,Male,56,41,One-Year,20.04427814372079,821.8154038925524,No
1430,Female,44,47,Two-Year,110.1383096641935,5176.500554217095,No
1431,Male,53,14,Two-Year,35.38070246416078,495.3298344982509,No
1432,Female,46,39,One-Year,119.00863760674821,4641.33686666318,Yes
1433,Male,55,25,Two-Year,115.48469930384681,2887.1174825961702,Yes
1434,Female,50,20,Two-Year,69.46751895912834,1389.350379182567,Yes
1435,Female,54,2,Two-Year,71.27202478126281,142.54404956252563,No
1436,Female,44,39,Month-to-Month,68.15493402758543,2658.0424270758317,Yes
1437,Female,50,6,One-Year,83.54436456595226,501.2661873957136,No
1438,Female,21,17,One-Year,29.072170223493103,494.22689379938276,No
1439,Male,39,25,One-Year,23.26179483415665,581.5448708539162,No
1440,Male,19,28,Month-to-Month,25.770292841589885,721.5681995645168,No
1441,Male,27,2,Month-to-Month,64.43653492415143,128.87306984830286,Yes
1442,Female,22,35,One-Year,47.55479392194834,1664.417787268192,No
1443,Male,27,37,Month-to-Month,82.20395623709938,3041.546380772677,No
1444,Female,50,5,One-Year,119.2442289374779,596.2211446873895,No
1445,Female,55,1,Month-to-Month,58.63231730764659,58.63231730764659,No
1446,Male,30,40,Two-Year,77.38412541045133,3095.3650164180535,No
1447,Male,48,12,Two-Year,61.56038959073355,738.7246750888025,Yes
1448,Female,64,36,One-Year,104.72716677218594,3770.1780037986937,Yes
1449,Male,53,45,Month-to-Month,110.22364034622382,4960.063815580072,No
1450,Female,62,23,Month-to-Month,107.73556122052601,2477.9179080720983,No
1451,Female,41,47,Two-Year,117.43722386792577,5519.549521792511,Yes
1452,Female,69,31,Two-Year,22.751918514041527,705.3094739352873,No
1453,Female,32,11,Month-to-Month,103.9816162145531,1143.797778360084,No
1454,Female,46,10,Month-to-Month,95.17721730390933,951.7721730390933,Yes
1455,Male,25,3,Month-to-Month,42.86944094003648,128.60832282010944,No
1456,Male,22,14,Month-to-Month,115.63200933875275,1618.8481307425386,No
1457,Female,46,16,Month-to-Month,34.81779282299455,557.0846851679128,Yes
1458,Female,64,10,Month-to-Month,87.95499271339084,879.5499271339083,No
1459,Male,21,29,One-Year,42.48902168159125,1232.181628766146,No
1460,Male,29,10,Month-to-Month,63.138064877407466,631.3806487740746,No
1461,Female,62,12,Two-Year,91.9159896944569,1102.9918763334827,No
1462,Male,19,30,One-Year,76.33246420330467,2289.97392609914,No
1463,Female,44,41,Month-to-Month,62.75018313281117,2572.7575084452583,No
1464,Male,48,1,Two-Year,52.63384309319872,52.63384309319872,No
1465,Female,68,5,One-Year,103.96596557087904,519.8298278543951,No
1466,Male,68,20,Two-Year,34.381435031481374,687.6287006296275,Yes
1467,Female,53,8,Month-to-Month,63.010287652980004,504.08230122384003,Yes
1468,Male,53,43,Month-to-Month,110.37575717751422,4746.157558633111,Yes
1469,Male,43,12,Month-to-Month,104.58495504599676,1255.0194605519612,No
1470,Female,60,1,Month-to-Month,60.09417624730467,60.09417624730467,Yes
1471,Male,44,20,One-Year,96.31083636013084,1926.2167272026168,No
1472,Female,22,28,One-Year,102.31608307088592,2864.8503259848057,Yes
1473,Male,37,43,Two-Year,108.88874240036297,4682.215923215608,Yes
1474,Female,28,37,Month-to-Month,74.4505769049228,2754.6713454821434,No
1475,Male,27,47,Two-Year,40.446088605471175,1900.9661644571452,No
1476,Female,57,37,One-Year,45.53090765039316,1684.6435830645469,Yes
1477,Male,55,12,Month-to-Month,49.56946740416042,594.833608849925,No
1478,Female,23,37,Month-to-Month,79.38024808096155,2937.069178995577,No
1479,Male,25,49,One-Year,23.280962412860845,1140.7671582301814,Yes
1480,Female,40,49,One-Year,83.60424687799683,4096.6080970218445,No
1481,Female,64,44,One-Year,56.4354238428232,2483.1586490842205,No
1482,Female,43,28,One-Year,49.524180248964214,1386.677046970998,Yes
1483,Male,63,47,One-Year,107.94965707281264,5073.633882422194,No
1484,Female,60,15,Month-to-Month,66.0002395580799,990.0035933711985,No
1485,Male,29,6,One-Year,29.505304553269276,177.03182731961567,No
1486,Female,43,44,Month-to-Month,102.6746768026247,4517.685779315487,Yes
1487,Male,30,20,Month-to-Month,24.76412574365066,495.28251487301316,Yes
1488,Female,57,50,One-Year,92.67492241681967,4633.746120840983,No
1489,Male,35,14,One-Year,97.39062217706652,1363.4687104789314,Yes
1490,Male,42,2,Month-to-Month,55.260260592885814,110.52052118577163,No
1491,Female,50,9,One-Year,102.47878562777868,922.3090706500082,No
1492,Male,64,37,One-Year,71.56594058564534,2647.9398016688774,No
1493,Male,57,20,One-Year,66.32936532727967,1326.5873065455935,No
1494,Female,60,26,Two-Year,24.540328146869257,638.0485318186006,No
1495,Male,29,29,Month-to-Month,49.00291936489059,1421.084661581827,Yes
1496,Male,61,1,Two-Year,113.10099708852998,113.10099708852998,No
1497,Male,53,35,One-Year,59.18239632835,2071.38387149225,Yes
1498,Female,65,6,Two-Year,74.67005205567683,448.02031233406103,Yes
1499,Male,21,37,One-Year,73.20216789842519,2708.480212241732,No
1500,Female,22,5,Two-Year,79.04310898226933,395.2155449113467,No
1501,Male,54,33,One-Year,26.13309556432826,862.3921536228327,No
1502,Male,25,49,Two-Year,56.21762547987283,2754.6636485137687,Yes
1503,Male,59,14,Two-Year,92.31282738825541,1292.3795834355758,No
1504,Female,66,12,Two-Year,40.0560251072983,480.67230128757956,Yes
1505,Male,45,42,Month-to-Month,40.357837754636044,1695.0291856947138,No
1506,Male,48,20,Two-Year,21.00906066890247,420.1812133780494,Yes
1507,Female,26,50,Month-to-Month,63.748192660820976,3187.409633041049,No
1508,Male,68,24,One-Year,108.2734380673422,2598.5625136162125,No
1509,Female,46,43,Two-Year,25.190094358730903,1083.1740574254288,No
1510,Female,31,34,One-Year,39.11187094960026,1329.803612286409,No
1511,Male,57,25,One-Year,51.00845383427551,1275.2113458568876,No
1512,Female,58,50,Two-Year,93.17247365642129,4658.623682821064,No
1513,Male,39,29,Month-to-Month,84.06355928025866,2437.843219127501,Yes
1514,Female,28,39,Two-Year,61.5943904581855,2402.1812278692346,Yes
1515,Female,40,31,One-Year,95.90689392583757,2973.1137117009644,No
1516,Male,18,47,One-Year,80.96310116569019,3805.265754787439,No
1517,Female,63,43,Two-Year,109.60407996572191,4712.975438526042,No
1518,Female,54,50,Month-to-Month,101.8026749138693,5090.133745693465,Yes
1519,Female,38,23,Month-to-Month,45.28136060892005,1041.4712940051613,No
1520,Female,43,44,One-Year,47.143857763420016,2074.329741590481,No
1521,Female,63,38,One-Year,32.535647579238564,1236.3546080110655,No
1522,Male,53,20,Month-to-Month,53.69647257174565,1073.929451434913,No
1523,Female,40,23,Two-Year,119.95439187190944,2758.951013053917,No
1524,Male,18,45,One-Year,60.5751168615061,2725.8802587677746,Yes
1525,Female,68,16,Month-to-Month,42.04884346891064,672.7814955025702,No
1526,Male,57,50,One-Year,96.2482884475553,4812.414422377765,No
1527,Male,32,42,Two-Year,74.24710034626561,3118.3782145431555,No
1528,Female,38,8,Month-to-Month,34.96014495269525,279.681159621562,Yes
1529,Female,64,50,One-Year,58.06896811608658,2903.448405804329,Yes
1530,Female,26,21,Two-Year,61.44697155393433,1290.386402632621,No
1531,Male,70,1,One-Year,95.38297005692186,95.38297005692186,No
1532,Female,26,8,Two-Year,22.067136889190447,176.53709511352358,No
1533,Male,27,29,Two-Year,46.901964679831046,1360.1569757151003,No
1534,Male,69,32,Month-to-Month,71.7596301315522,2296.3081642096704,No
1535,Male,70,38,Two-Year,46.88467424528433,1781.6176213208046,Yes
1536,Female,43,5,One-Year,82.84340474189989,414.2170237094995,No
1537,Female,58,47,Two-Year,68.18674792746165,3204.777152590698,No
1538,Male,52,22,Two-Year,56.17102548595806,1235.7625606910774,No
1539,Male,69,47,Month-to-Month,114.92086268705123,5401.2805462914075,No
1540,Female,42,34,Two-Year,83.21594991864575,2829.3422972339554,No
1541,Male,43,1,Two-Year,32.99413722679412,32.99413722679412,No
1542,Female,28,26,One-Year,76.00916974433954,1976.238413352828,No
1543,Male,55,43,Month-to-Month,98.0731853200901,4217.146968763875,Yes
1544,Female,19,10,Month-to-Month,90.84896974927973,908.4896974927973,Yes
1545,Male,24,30,Month-to-Month,37.20892292952594,1116.2676878857783,No
1546,Female,35,50,Two-Year,117.24199990401033,5862.099995200517,Yes
1547,Male,44,18,Month-to-Month,64.88136457466061,1167.864562343891,Yes
1548,Female,51,17,Two-Year,35.90250037402613,610.3425063584442,No
1549,Female,44,26,Two-Year,38.01957541281479,988.5089607331845,No
1550,Male,34,8,One-Year,29.823499218908047,238.58799375126438,No
1551,Male,60,47,One-Year,100.35181084349344,4716.535109644192,Yes
1552,Female,61,40,One-Year,32.20304943218487,1288.1219772873947,Yes
1553,Male,68,49,One-Year,32.51252571417469,1593.11375999456,Yes
1554,Female,41,12,One-Year,105.04716147608377,1260.5659377130053,Yes
1555,Male,42,27,Two-Year,54.46040844475596,1470.431028008411,No
1556,Female,24,8,Two-Year,23.085790430807243,184.68632344645795,Yes
1557,Female,69,25,Month-to-Month,25.189529951841088,629.7382487960272,No
1558,Female,23,46,Two-Year,34.217044670389555,1573.9840548379195,Yes
1559,Female,70,4,Two-Year,41.33933479756895,165.3573391902758,No
1560,Female,41,33,One-Year,86.51461942384054,2854.982440986738,No
1561,Female,50,1,Two-Year,35.73262800018283,35.73262800018283,No
1562,Male,66,19,One-Year,31.8874391177072,605.8613432364368,No
1563,Male,46,31,Month-to-Month,96.47191414762791,2990.629338576465,No
1564,Male,60,16,Month-to-Month,87.10552838599145,1393.6884541758632,Yes
1565,Female,39,14,Two-Year,63.53242214552362,889.4539100373306,No
1566,Female,43,48,Month-to-Month,74.9309771480104,3596.686903104499,No
1567,Female,45,5,Two-Year,51.19840203264185,255.99201016320927,No
1568,Female,67,41,Month-to-Month,68.25004202353607,2798.251722964979,Yes
1569,Male,38,26,One-Year,70.66726489827458,1837.3488873551391,Yes
1570,Male,66,28,One-Year,58.723727117809595,1644.2643592986688,No
1571,Female,24,2,One-Year,110.65722106721627,221.31444213443254,No
1572,Male,34,50,One-Year,21.606186498100616,1080.3093249050307,No
1573,Male,37,6,Two-Year,98.21712630912462,589.3027578547477,Yes
1574,Female,58,9,Month-to-Month,32.43828312413243,291.9445481171919,No
1575,Male,66,33,Two-Year,99.75473605371994,3291.906289772758,Yes
1576,Female,37,41,One-Year,81.59119156767213,3345.238854274557,Yes
1577,Male,39,25,Two-Year,104.32780909364024,2608.195227341006,No
1578,Female,45,48,Month-to-Month,29.751432564089747,1428.0687630763077,Yes
1579,Female,57,13,Two-Year,75.8980634099774,986.6748243297061,Yes
1580,Female,66,9,Month-to-Month,70.10878802621971,630.9790922359774,No
1581,Female,24,13,Two-Year,90.61931829633586,1178.0511378523663,Yes
1582,Male,18,31,Month-to-Month,73.42905518936757,2276.3007108703946,Yes
1583,Female,49,41,Month-to-Month,74.07345671331042,3037.011725245727,Yes
1584,Female,30,11,One-Year,62.95959435760647,692.5555379336712,Yes
1585,Female,47,4,Month-to-Month,50.88344240073408,203.53376960293633,Yes
1586,Male,40,34,One-Year,68.22643612521921,2319.698828257453,No
1587,Female,68,38,One-Year,31.84923587684006,1210.2709633199222,Yes
1588,Male,36,46,One-Year,116.15133389830848,5342.96135932219,Yes
1589,Female,49,4,Two-Year,91.44107636265983,365.7643054506393,No
1590,Male,47,38,Two-Year,115.24671166878468,4379.375043413818,No
1591,Male,46,19,Two-Year,42.67273823299632,810.7820264269301,No
1592,Female,66,6,Two-Year,107.9341020176528,647.6046121059169,No
1593,Male,62,34,Month-to-Month,100.87899845635384,3429.8859475160307,No
1594,Female,46,18,Month-to-Month,87.71524124576736,1578.8743424238125,No
1595,Female,47,13,Two-Year,82.50291860852057,1072.5379419107674,No
1596,Female,33,41,Month-to-Month,51.654966526787,2117.853627598267,No
1597,Male,57,23,Month-to-Month,101.64107849650307,2337.7448054195706,Yes
1598,Male,36,19,One-Year,70.15154614797338,1332.8793768114942,Yes
1599,Female,35,45,One-Year,27.089157589128536,1219.012091510784,Yes
1600,Female,18,11,One-Year,51.286316085513,564.149476940643,No
1601,Male,31,1,One-Year,113.52970985453275,113.52970985453275,No
1602,Female,68,24,Month-to-Month,105.06802606048463,2521.632625451631,No
1603,Female,64,7,Two-Year,118.19056980765392,827.3339886535774,No
1604,Female,67,25,Month-to-Month,82.79933826040981,2069.983456510245,No
1605,Male,19,21,Month-to-Month,44.751007314041196,939.7711535948652,Yes
1606,Male,45,15,Month-to-Month,36.281504967686374,544.2225745152956,Yes
1607,Male,66,1,One-Year,38.691444060846166,38.691444060846166,No
1608,Female,67,12,One-Year,21.979565834725438,263.7547900167053,No
1609,Female,47,7,One-Year,59.06821109859392,413.47747769015746,No
1610,Female,55,15,Two-Year,39.14276804995425,587.1415207493137,No
1611,Male,68,21,Month-to-Month,61.16554604567024,1284.476466959075,Yes
1612,Female,21,19,Two-Year,113.49944318387654,2156.489420493654,No
1613,Female,18,29,One-Year,63.05402095071899,1828.5666075708507,No
1614,Female,25,25,Two-Year,107.79844969848348,2694.961242462087,No
1615,Female,46,33,Month-to-Month,80.55047666158765,2658.1657298323926,No
1616,Male,56,49,Month-to-Month,44.71315546613919,2190.9446178408202,Yes
1617,Male,20,32,One-Year,55.58547592592114,1778.7352296294764,Yes
1618,Female,49,49,One-Year,28.39195358214294,1391.205725525004,No
1619,Male,27,35,Two-Year,53.34625935960105,1867.1190775860368,No
1620,Male,27,44,One-Year,87.7540945503534,3861.1801602155497,No
1621,Female,36,38,One-Year,27.21110929294352,1034.0221531318537,Yes
1622,Female,63,26,Month-to-Month,40.54014084780293,1054.0436620428761,No
1623,Male,51,11,One-Year,58.14410414133115,639.5851455546426,Yes
1624,Female,50,35,One-Year,118.20495370159625,4137.173379555868,Yes
1625,Male,40,8,Month-to-Month,98.48618229588801,787.8894583671041,No
1626,Female,45,46,Month-to-Month,93.3486746492104,4294.039033863678,No
1627,Male,49,14,Two-Year,31.619095652544598,442.6673391356244,Yes
1628,Female,67,10,One-Year,98.09958936149914,980.9958936149915,Yes
1629,Male,24,2,Month-to-Month,98.52688115160151,197.05376230320303,No
1630,Male,46,46,Two-Year,80.11026956243282,3685.0723998719095,Yes
1631,Male,25,9,Two-Year,119.0361781998372,1071.3256037985348,No
1632,Female,18,3,One-Year,52.525390592455196,157.57617177736557,No
1633,Male,20,21,One-Year,114.12724482418517,2396.6721413078885,Yes
1634,Male,41,26,Two-Year,111.47311149565036,2898.300898886909,Yes
1635,Female,40,8,Month-to-Month,21.148065974937783,169.18452779950226,No
1636,Female,25,48,Two-Year,65.0116526474811,3120.559327079093,No
1637,Male,64,2,One-Year,117.71042330515733,235.42084661031467,No
1638,Male,54,6,Month-to-Month,30.31213624080758,181.87281744484548,No
1639,Female,20,28,Month-to-Month,74.77846943833194,2093.797144273294,No
1640,Female,68,29,Two-Year,117.89575070411041,3418.976770419202,No
1641,Female,50,26,One-Year,75.54954241058601,1964.2881026752364,No
1642,Female,45,25,Two-Year,38.9815302972156,974.53825743039,No
1643,Female,64,12,Two-Year,78.21832300925897,938.6198761111076,No
1644,Male,25,5,Two-Year,40.44405739495468,202.22028697477342,No
1645,Female,51,34,Month-to-Month,71.97042628944843,2446.9944938412464,No
1646,Male,52,48,Month-to-Month,27.4042217912348,1315.4026459792703,No
1647,Male,49,37,One-Year,80.54826692144047,2980.2858760932977,Yes
1648,Male,41,15,One-Year,71.67899391281583,1075.1849086922375,No
1649,Female,31,44,Two-Year,94.0161368761463,4136.710022550437,Yes
1650,Male,49,36,Two-Year,83.07004711587851,2990.5216961716264,Yes
1651,Male,63,15,Two-Year,74.96062685307567,1124.409402796135,Yes
1652,Female,60,43,One-Year,88.97788492481212,3826.049051766921,No
1653,Male,33,48,Month-to-Month,34.394191357223086,1650.921185146708,No
1654,Male,21,23,Month-to-Month,79.5359661258604,1829.3272208947892,Yes
1655,Female,69,6,Two-Year,37.21106028227777,223.26636169366662,No
1656,Male,54,46,Two-Year,112.55222078518808,5177.402156118652,No
1657,Male,38,50,Two-Year,26.83341048456042,1341.6705242280211,Yes
1658,Male,31,44,Two-Year,63.03747496907933,2773.64889863949,No
1659,Female,48,43,One-Year,89.57974776554448,3851.929153918413,No
1660,Female,65,45,Month-to-Month,65.80222116682587,2961.0999525071643,No
1661,Female,35,21,Two-Year,29.209525323290237,613.400031789095,No
1662,Male,24,23,One-Year,75.33790161267073,1732.771737091427,No
1663,Male,27,43,Two-Year,84.16319088273545,3619.017207957624,Yes
1664,Female,24,16,Two-Year,90.37923109905077,1446.0676975848123,Yes
1665,Male,50,47,Month-to-Month,57.32598144627589,2694.3211279749667,Yes
1666,Male,40,15,Two-Year,76.36599710287622,1145.4899565431433,No
1667,Female,38,25,Month-to-Month,65.06864749389132,1626.716187347283,Yes
1668,Female,36,36,Month-to-Month,87.20560387522534,3139.401739508112,Yes
1669,Male,65,11,Month-to-Month,78.35569673248185,861.9126640573003,No
1670,Male,36,15,One-Year,72.57562195591349,1088.6343293387024,No
1671,Male,53,4,One-Year,44.952436683824864,179.80974673529946,No
1672,Female,46,21,Month-to-Month,20.201851774823393,424.2388872712912,Yes
1673,Female,35,13,Two-Year,37.40816753114292,486.306177904858,Yes
1674,Female,19,22,Month-to-Month,31.706604142416865,697.5452911331711,No
1675,Female,18,19,Two-Year,64.90847450109467,1233.2610155207988,Yes
1676,Male,64,34,Month-to-Month,81.22581507618446,2761.6777125902718,Yes
1677,Female,22,14,Two-Year,41.30850086848082,578.3190121587315,No
1678,Female,37,4,One-Year,113.90570959671871,455.62283838687483,No
1679,Female,28,48,Two-Year,20.66821292238878,992.0742202746615,No
1680,Female,59,46,Month-to-Month,97.23010151653429,4472.5846697605775,No
1681,Female,19,27,One-Year,82.52047695304422,2228.0528777321942,No
1682,Male,20,29,Two-Year,57.35548010476819,1663.3089230382775,Yes
1683,Male,40,47,Two-Year,25.04889444124079,1177.2980387383172,No
1684,Female,29,28,Two-Year,82.74865717842793,2316.962400995982,Yes
1685,Male,37,35,Two-Year,58.56135128656481,2049.6472950297684,Yes
1686,Female,22,8,Two-Year,113.62671394132191,909.0137115305753,No
1687,Female,54,16,One-Year,74.19900748897659,1187.1841198236255,Yes
1688,Male,55,42,One-Year,113.96515112935082,4786.536347432734,No
1689,Male,47,36,One-Year,42.04836934733041,1513.7412965038948,Yes
1690,Female,26,30,One-Year,92.57259103641033,2777.17773109231,No
1691,Female,51,18,Month-to-Month,81.72490208487257,1471.0482375277063,No
1692,Female,70,2,One-Year,93.94082298313118,187.88164596626237,Yes
1693,Male,61,49,Two-Year,41.46678639725368,2031.8725334654303,Yes
1694,Female,52,13,Two-Year,86.49945162377738,1124.4928711091059,No
1695,Female,69,4,One-Year,69.8040393056869,279.2161572227476,No
1696,Female,39,26,Two-Year,94.28249749063163,2451.3449347564224,No
1697,Male,61,25,One-Year,52.704464415181775,1317.6116103795443,No
1698,Female,41,30,Two-Year,109.00570254652526,3270.1710763957576,No
1699,Female,34,11,Month-to-Month,28.430131461135037,312.7314460724854,No
1700,Male,27,7,Month-to-Month,100.7189318791188,705.0325231538316,No
1701,Female,47,31,One-Year,106.13196258150909,3290.0908400267817,No
1702,Female,63,44,One-Year,101.72523113668213,4475.910170014014,No
1703,Male,40,10,One-Year,71.2726394261776,712.726394261776,No
1704,Female,49,39,Two-Year,63.83849800307613,2489.7014221199693,No
1705,Male,34,13,One-Year,119.62622865248768,1555.14097248234,No
1706,Male,67,31,Month-to-Month,42.91719512141621,1330.4330487639027,No
1707,Female,68,7,Two-Year,74.68759658760446,522.8131761132312,Yes
1708,Female,34,49,One-Year,87.06755253823256,4266.310074373396,Yes
1709,Female,31,42,Two-Year,90.08676358614319,3783.644070618014,No
1710,Female,26,42,Two-Year,40.402466573857865,1696.9035961020304,No
1711,Male,57,36,One-Year,85.39940923398012,3074.3787324232844,No
1712,Female,19,20,Two-Year,101.83695664813374,2036.7391329626748,Yes
1713,Male,62,4,Month-to-Month,25.001857682111222,100.00743072844489,No
1714,Female,42,7,Month-to-Month,111.15212933253164,778.0649053277215,No
1715,Female,56,1,Two-Year,22.950405514520593,22.950405514520593,Yes
1716,Female,26,44,One-Year,55.59710324883943,2446.272542948935,No
1717,Male,39,45,Two-Year,21.581319623296206,971.1593830483292,No
1718,Female,60,42,Month-to-Month,27.714516853958187,1164.0097078662438,No
1719,Female,63,47,Two-Year,111.1168285180079,5222.490940346372,No
1720,Female,21,13,Two-Year,55.48608307461478,721.3190799699921,No
1721,Female,43,22,Month-to-Month,62.477153042505286,1374.4973669351164,No
1722,Male,46,21,Two-Year,41.53443813825526,872.2232009033605,No
1723,Female,62,22,Two-Year,79.70957701867198,1753.6106944107835,No
1724,Male,51,28,One-Year,79.48032146777896,2225.449001097811,No
1725,Male,40,9,One-Year,57.22003918252192,514.9803526426973,No
1726,Male,54,26,Month-to-Month,53.30348718053984,1385.8906666940359,Yes
1727,Male,28,9,Month-to-Month,108.49643081805878,976.4678773625291,No
1728,Male,23,15,Month-to-Month,58.328423964220136,874.926359463302,Yes
1729,Male,35,10,One-Year,69.35009921544082,693.5009921544082,No
1730,Female,38,24,Month-to-Month,48.33047624249306,1159.9314298198335,No
1731,Male,59,42,Month-to-Month,98.67695033571273,4144.431914099935,Yes
1732,Male,53,8,Month-to-Month,59.74481568990916,477.9585255192733,No
1733,Male,58,24,One-Year,71.36110465443245,1712.666511706379,Yes
1734,Female,55,16,Two-Year,45.335717005966146,725.3714720954583,No
1735,Female,51,49,Month-to-Month,118.76595923412518,5819.532002472134,No
1736,Male,34,26,Two-Year,49.14957409237229,1277.8889264016796,No
1737,Female,54,27,Month-to-Month,97.07425309055516,2621.0048334449893,Yes
1738,Male,42,37,Two-Year,62.74956503567592,2321.7339063200093,Yes
1739,Male,55,4,One-Year,40.62174050841399,162.48696203365597,No
1740,Female,29,50,One-Year,99.97187639648612,4998.593819824307,No
1741,Male,40,24,Month-to-Month,53.36067890290432,1280.6562936697037,No
1742,Female,70,19,Two-Year,106.5193347397811,2023.867360055841,No
1743,Female,59,36,One-Year,111.5257184917823,4014.925865704163,No
1744,Male,39,39,Month-to-Month,105.9823835391276,4133.3129580259765,No
1745,Male,38,10,Month-to-Month,23.500791480680565,235.00791480680564,No
1746,Female,44,25,One-Year,98.73733450051056,2468.433362512764,Yes
1747,Male,48,18,One-Year,61.133946649914385,1100.411039698459,Yes
1748,Male,23,19,Month-to-Month,107.37229201822251,2040.0735483462277,No
1749,Male,44,36,Two-Year,83.79542626847388,3016.6353456650595,Yes
1750,Female,57,10,Two-Year,103.36431341439584,1033.6431341439584,No
1751,Female,51,33,Two-Year,69.94317698668354,2308.124840560557,No
1752,Male,29,50,Month-to-Month,73.50255045989329,3675.127522994664,Yes
1753,Female,62,5,One-Year,34.43876321336673,172.19381606683362,Yes
1754,Female,70,47,Month-to-Month,98.39873586893555,4624.740585839971,No
1755,Female,24,49,One-Year,61.93896116669716,3035.009097168161,No
1756,Female,27,35,Two-Year,70.00801182715827,2450.2804139505397,No
1757,Female,62,44,Two-Year,98.50977140957076,4334.429942021114,No
1758,Male,34,34,One-Year,79.8845400079439,2716.0743602700927,No
1759,Male,43,33,One-Year,40.109872744266745,1323.6258005608026,No
1760,Male,38,21,Month-to-Month,79.02326591508927,1659.4885842168746,No
1761,Female,45,17,Two-Year,60.76328579796558,1032.975858565415,No
1762,Female,63,22,Month-to-Month,66.95255420438627,1472.956192496498,No
1763,Male,19,48,Month-to-Month,22.83112744026678,1095.8941171328054,Yes
1764,Female,60,37,Month-to-Month,41.00293495162816,1517.108593210242,No
1765,Male,18,15,Two-Year,48.10380813810283,721.5571220715424,No
1766,Male,68,35,Month-to-Month,91.29600078588058,3195.36002750582,Yes
1767,Male,70,28,Month-to-Month,21.14924732981153,592.1789252347228,Yes
1768,Female,53,7,Month-to-Month,60.8777261229132,426.1440828603924,No
1769,Female,68,32,Month-to-Month,112.40268704257329,3596.8859853623453,No
1770,Male,43,11,Month-to-Month,31.188061654912385,343.06867820403625,No
1771,Male,46,10,Month-to-Month,71.6424388218611,716.424388218611,Yes
1772,Male,38,9,Two-Year,98.65223823908471,887.8701441517624,Yes
1773,Male,28,14,Month-to-Month,114.25313075201167,1599.5438305281634,No
1774,Female,57,13,One-Year,94.67766395337179,1230.8096313938333,No
1775,Female,28,25,Month-to-Month,92.05655486444061,2301.4138716110156,No
1776,Male,53,2,Month-to-Month,102.64880901957625,205.2976180391525,No
1777,Male,66,35,Two-Year,64.62012209775438,2261.7042734214033,No
1778,Female,56,7,Two-Year,100.58445326178331,704.0911728324832,No
1779,Female,57,21,One-Year,20.79644047454511,436.72524996544735,No
1780,Male,52,18,One-Year,112.45610553768049,2024.2098996782488,No
1781,Male,51,3,Two-Year,64.33065095171753,192.9919528551526,No
1782,Male,64,42,Two-Year,75.33801878657476,3164.19678903614,No
1783,Female,41,39,Month-to-Month,45.48822489148823,1774.040770768041,No
1784,Female,39,41,Two-Year,94.25308328404215,3864.376414645728,No
1785,Female,22,49,One-Year,27.66358064752488,1355.5154517287192,Yes
1786,Male,50,11,Month-to-Month,107.26358025468353,1179.8993828015189,No
1787,Male,53,39,One-Year,102.81168290063428,4009.655633124737,Yes
1788,Female,64,24,Month-to-Month,41.606011624476636,998.5442789874393,No
1789,Female,37,46,Two-Year,100.93243982852624,4642.892232112207,No
1790,Male,36,19,One-Year,98.63577330614815,1874.079692816815,No
1791,Female,52,4,Month-to-Month,83.2216597753949,332.8866391015796,Yes
1792,Female,69,26,Month-to-Month,57.352017689968754,1491.1524599391876,No
1793,Male,60,38,Two-Year,47.14987541818679,1791.695265891098,No
1794,Female,34,42,Two-Year,43.178359028935006,1813.4910792152702,No
1795,Male,62,32,Two-Year,51.86089627636072,1659.548680843543,No
1796,Male,60,39,One-Year,110.35584434325304,4303.877929386868,No
1797,Male,51,45,Month-to-Month,27.764077598878128,1249.3834919495157,No
1798,Male,26,46,Two-Year,102.88712762529586,4732.80787076361,Yes
1799,Male,43,36,One-Year,54.88900750418236,1976.004270150565,Yes
1800,Male,19,40,One-Year,72.15993960113582,2886.3975840454327,No
1801,Male,70,37,One-Year,99.44856336484906,3679.5968444994155,No
1802,Female,26,33,Two-Year,108.43765470229712,3578.442605175805,Yes
1803,Male,26,36,Two-Year,54.4781420072647,1961.2131122615292,Yes
1804,Male,57,3,Month-to-Month,66.18434812751103,198.55304438253307,Yes
1805,Female,34,9,Month-to-Month,61.45160648167923,553.064458335113,No
1806,Female,18,8,Two-Year,21.325103350391053,170.60082680312843,No
1807,Female,42,33,One-Year,49.59428888586566,1636.6115332335667,No
1808,Male,60,6,One-Year,65.91892337325618,395.51354023953706,No
1809,Female,57,41,One-Year,61.10936088804398,2505.4837964098033,No
1810,Male,59,39,Month-to-Month,92.19292275156795,3595.52398731115,Yes
1811,Male,42,4,One-Year,58.480361722110324,233.9214468884413,Yes
1812,Male,56,13,Month-to-Month,68.93764489706703,896.1893836618714,Yes
1813,Male,52,49,Month-to-Month,62.96085921323633,3085.0821014485805,No
1814,Female,20,2,One-Year,94.06261488943706,188.12522977887411,No
1815,Female,67,5,One-Year,106.29723989869625,531.4861994934812,Yes
1816,Male,54,44,Two-Year,73.18890790075142,3220.311947633062,No
1817,Male,61,27,Two-Year,98.94321941951912,2671.4669243270164,No
1818,Male,61,32,One-Year,49.67866820198506,1589.717382463522,No
1819,Female,68,21,Month-to-Month,74.13696101572687,1556.8761813302642,Yes
1820,Male,47,8,Month-to-Month,54.52299536699724,436.18396293597795,No
1821,Male,55,38,Month-to-Month,61.42009255718303,2333.963517172955,No
1822,Female,51,8,Month-to-Month,93.24138648126686,745.9310918501349,Yes
1823,Female,29,50,Month-to-Month,108.16624823327128,5408.312411663564,No
1824,Male,36,3,Two-Year,32.14953910877654,96.44861732632961,Yes
1825,Female,54,44,One-Year,83.46392564873804,3672.412728544474,No
1826,Female,61,3,Two-Year,78.21438075777985,234.64314227333955,No
1827,Male,66,22,Month-to-Month,31.841503917593187,700.5130861870501,No
1828,Female,34,6,Month-to-Month,41.18943304401091,247.13659826406547,No
1829,Male,27,2,Month-to-Month,51.10024947326802,102.20049894653604,No
1830,Female,66,23,Month-to-Month,36.69310708175014,843.9414628802533,No
1831,Male,64,44,One-Year,44.37294825243418,1952.409723107104,No
1832,Male,29,2,Month-to-Month,46.76007988617075,93.5201597723415,No
1833,Male,33,38,One-Year,53.56738330390596,2035.5605655484267,No
1834,Female,41,17,Month-to-Month,94.9390452801159,1613.9637697619703,No
1835,Male,36,35,One-Year,77.19122038506006,2701.692713477102,No
1836,Female,25,34,Two-Year,118.62466719514015,4033.238684634765,No
1837,Male,48,23,Month-to-Month,61.4735826967471,1413.8924020251834,No
1838,Male,38,30,One-Year,95.3865073836925,2861.595221510775,No
1839,Female,34,8,Two-Year,107.14684213765338,857.174737101227,No
1840,Male,40,22,Month-to-Month,87.8978493038042,1933.7526846836922,No
1841,Male,54,44,Month-to-Month,61.1864740417496,2692.2048578369822,No
1842,Female,33,36,Month-to-Month,95.35946307457529,3432.9406706847103,No
1843,Male,23,5,One-Year,40.36671377726849,201.83356888634245,No
1844,Male,25,13,One-Year,52.75521651801324,685.8178147341721,No
1845,Male,42,29,Two-Year,74.66852550992888,2165.3872397879377,No
1846,Male,35,31,One-Year,77.54093872861483,2403.7691005870597,No
1847,Female,42,47,One-Year,22.214147547262947,1044.0649347213584,No
1848,Female,29,16,Month-to-Month,114.51141887560087,1832.1827020096139,No
1849,Male,32,42,Month-to-Month,89.662727121739,3765.834539113038,No
1850,Female,43,30,Month-to-Month,69.57037502318911,2087.1112506956733,Yes
1851,Male,58,16,Month-to-Month,113.31272344083084,1813.0035750532934,Yes
1852,Female,62,12,Month-to-Month,63.90955652508285,766.9146783009942,Yes
1853,Male,43,17,Month-to-Month,118.04355702703718,2006.740469459632,No
1854,Male,64,16,Month-to-Month,71.22847572434851,1139.6556115895762,Yes
1855,Male,49,12,Two-Year,31.428576999797947,377.1429239975754,Yes
1856,Male,27,8,Two-Year,96.48009724592772,771.8407779674218,No
1857,Male,33,20,Two-Year,87.88977250778404,1757.795450155681,No
1858,Male,24,3,Two-Year,97.29867213055867,291.896016391676,No
1859,Female,34,16,Month-to-Month,115.1442028725681,1842.3072459610896,No
1860,Male,40,30,Two-Year,97.64893026510181,2929.4679079530542,Yes
1861,Female,43,45,Month-to-Month,81.13366022166468,3651.0147099749106,No
1862,Male,38,23,Two-Year,105.7308902360841,2431.8104754299343,No
1863,Female,39,28,One-Year,87.32464393545315,2445.090030192688,No
1864,Female,24,40,Two-Year,60.81190568259231,2432.476227303692,No
1865,Female,31,5,Two-Year,108.56197642417733,542.8098821208866,No
1866,Male,32,20,Month-to-Month,42.19004607843729,843.8009215687458,No
1867,Male,70,40,Two-Year,91.46412749087241,3658.565099634897,No
1868,Female,24,44,One-Year,108.1563454940757,4758.879201739331,Yes
1869,Male,26,1,Month-to-Month,93.13165197032963,93.13165197032963,Yes
1870,Female,68,30,Month-to-Month,89.72754190538569,2691.8262571615705,Yes
1871,Male,65,21,Two-Year,95.26382940718361,2000.5404175508556,Yes
1872,Female,25,20,Month-to-Month,66.50552483006445,1330.110496601289,No
1873,Female,67,6,Month-to-Month,107.4170682157026,644.5024092942156,Yes
1874,Male,40,22,Month-to-Month,40.34364751360912,887.5602452994007,No
1875,Female,46,18,Month-to-Month,32.73864160003393,589.2955488006107,Yes
1876,Male,35,8,Month-to-Month,48.550878011851154,388.40702409480923,Yes
1877,Female,48,39,Month-to-Month,73.15773967749931,2853.151847422473,No
1878,Female,47,32,One-Year,71.05617954093381,2273.797745309882,Yes
1879,Male,69,33,Two-Year,102.05987576765867,3367.975900332736,No
1880,Male,56,16,One-Year,60.45686564040174,967.3098502464278,No
1881,Male,52,12,Month-to-Month,68.43444262915087,821.2133115498104,Yes
1882,Female,35,38,Month-to-Month,21.336768325939563,810.7971963857034,Yes
1883,Male,59,34,Two-Year,60.973923644293905,2073.1134039059925,No
1884,Female,56,14,One-Year,84.77742329503421,1186.883926130479,Yes
1885,Female,34,36,Two-Year,21.55083306265922,775.8299902557319,Yes
1886,Male,31,33,One-Year,48.08819651862437,1586.9104851146042,Yes
1887,Male,48,23,Month-to-Month,40.79563592893899,938.2996263655969,Yes
1888,Female,41,50,Two-Year,24.198542890958823,1209.9271445479412,No
1889,Female,52,45,Two-Year,67.92600899145376,3056.670404615419,No
1890,Male,61,2,Month-to-Month,38.17232932281565,76.3446586456313,No
1891,Male,62,41,Two-Year,94.30815396313801,3866.6343124886585,Yes
1892,Male,51,21,One-Year,104.79278837633485,2200.648555903032,Yes
1893,Male,20,2,One-Year,74.55851826691477,149.11703653382955,No
1894,Male,54,27,One-Year,118.17073425211416,3190.609824807082,No
1895,Female,60,9,One-Year,65.04785714705953,585.4307143235358,No
1896,Female,57,1,Month-to-Month,71.33682102249155,71.33682102249155,No
1897,Female,43,11,Two-Year,118.92177539577501,1308.1395293535252,No
1898,Female,40,3,One-Year,43.15484359650488,129.46453078951464,No
1899,Male,61,23,Month-to-Month,114.25459396769052,2627.8556612568823,No
1900,Male,56,26,Two-Year,24.283755511911323,631.3776433096943,No
1901,Male,32,4,Two-Year,64.63868902631947,258.5547561052779,No
1902,Female,66,18,Month-to-Month,27.000351213306576,486.00632183951836,Yes
1903,Female,21,6,Month-to-Month,92.9234742913643,557.5408457481858,No
1904,Male,46,35,One-Year,80.84089358800178,2829.431275580062,No
1905,Male,39,22,Two-Year,90.66342634675964,1994.595379628712,No
1906,Female,42,43,Two-Year,57.4480399968017,2470.265719862473,No
1907,Female,30,15,Month-to-Month,56.94819340313803,854.2229010470704,No
1908,Male,35,22,Two-Year,24.53192789608946,539.7024137139681,Yes
1909,Male,50,37,One-Year,54.99449395296398,2034.7962762596671,No
1910,Female,33,42,Two-Year,112.92884022620595,4743.01128950065,No
1911,Male,62,12,Month-to-Month,57.9226537180449,695.0718446165388,No
1912,Male,59,47,Month-to-Month,103.13677062219699,4847.428219243258,No
1913,Male,61,49,One-Year,104.2325504749934,5107.394973274677,No
1914,Female,19,42,One-Year,57.324115637923384,2407.612856792782,No
1915,Female,52,38,Two-Year,83.1988680396189,3161.5569855055182,No
1916,Female,59,18,Two-Year,29.53716022730586,531.6688840915056,No
1917,Female,51,45,Month-to-Month,30.367858073427648,1366.5536133042442,No
1918,Female,47,35,One-Year,24.865766366171332,870.3018228159966,No
1919,Female,30,30,One-Year,78.10150933751095,2343.0452801253286,Yes
1920,Female,30,24,One-Year,62.607097762609705,1502.570346302633,No
1921,Male,35,42,Two-Year,74.803235666424,3141.735897989808,Yes
1922,Male,49,30,One-Year,72.10731905083878,2163.2195715251637,No
1923,Male,49,14,Month-to-Month,55.02029910907303,770.2841875270224,No
1924,Male,52,6,Month-to-Month,87.7473414823473,526.4840488940838,No
1925,Male,56,3,Two-Year,95.85018809163907,287.5505642749172,No
1926,Male,63,16,Two-Year,21.462825887767572,343.40521420428115,Yes
1927,Male,69,7,One-Year,40.72422997688783,285.0696098382148,Yes
1928,Female,46,14,Two-Year,91.32358680833369,1278.5302153166717,No
1929,Female,66,9,Month-to-Month,58.66201726338342,527.9581553704508,No
1930,Male,46,15,One-Year,86.24839469416082,1293.7259204124123,No
1931,Male,70,21,Month-to-Month,54.696265973455844,1148.6215854425727,Yes
1932,Female,61,35,One-Year,59.07551523296371,2067.64303315373,Yes
1933,Male,33,2,Two-Year,35.867887368968496,71.73577473793699,Yes
1934,Male,61,27,One-Year,45.823101966616,1237.223753098632,Yes
1935,Female,64,2,One-Year,80.54117575075873,161.08235150151745,No
1936,Male,27,35,Month-to-Month,63.31631113151664,2216.0708896030824,No
1937,Female,47,18,Month-to-Month,97.43026829445951,1753.7448293002712,No
1938,Male,42,14,One-Year,105.25849549383427,1473.6189369136798,No
1939,Female,56,20,Two-Year,74.16464182167599,1483.2928364335198,Yes
1940,Female,37,18,Two-Year,95.82672920560591,1724.8811257009065,No
1941,Female,22,10,Month-to-Month,50.690451319457,506.90451319457,Yes
1942,Male,18,25,Two-Year,61.49712154000782,1537.4280385001955,Yes
1943,Female,47,2,Month-to-Month,91.2777676216831,182.5555352433662,No
1944,Male,66,25,Two-Year,58.62119928170307,1465.5299820425766,Yes
1945,Male,20,33,One-Year,78.85049351589888,2602.066286024663,Yes
1946,Male,62,36,Month-to-Month,38.53727790825115,1387.3420046970414,No
1947,Male,31,31,Month-to-Month,79.9771314970498,2479.2910764085436,No
1948,Female,47,14,One-Year,106.15137072268936,1486.1191901176512,No
1949,Female,67,1,Month-to-Month,106.86396398234257,106.86396398234257,Yes
1950,Male,21,46,Two-Year,92.43444063295397,4251.984269115883,Yes
1951,Male,35,16,Two-Year,94.5753379076126,1513.2054065218017,No
1952,Female,54,46,Month-to-Month,75.79274451507007,3486.466247693223,Yes
1953,Male,42,3,Two-Year,78.46680901658247,235.4004270497474,No
1954,Female,65,35,Month-to-Month,33.365058141051804,1167.7770349368132,Yes
1955,Male,18,41,One-Year,64.38591884213011,2639.8226725273344,No
1956,Male,70,6,Month-to-Month,65.07762838863638,390.4657703318183,Yes
1957,Female,63,25,One-Year,115.84978356677402,2896.2445891693505,No
1958,Male,32,13,Two-Year,63.108686262328945,820.4129214102763,No
1959,Female,26,34,One-Year,74.93426449027577,2547.764992669376,No
1960,Male,32,8,Two-Year,73.32513992791024,586.601119423282,Yes
1961,Male,66,21,Month-to-Month,83.67617170443272,1757.1996057930871,No
1962,Male,41,34,Two-Year,94.82328313318959,3223.991626528446,No
1963,Female,21,4,Month-to-Month,42.50418761708721,170.01675046834885,No
1964,Male,29,25,Month-to-Month,72.87244190984357,1821.8110477460893,No
1965,Male,54,15,One-Year,102.59177073160305,1538.8765609740458,Yes
1966,Male,54,4,One-Year,66.31147138375115,265.2458855350046,Yes
1967,Male,60,45,One-Year,47.8457546373573,2153.058958681079,No
1968,Female,23,12,One-Year,85.4709075356299,1025.6508904275588,Yes
1969,Female,56,32,Two-Year,102.3767395799123,3276.0556665571935,No
1970,Male,63,32,Two-Year,26.314029292739132,842.0489373676522,No
1971,Female,41,28,Two-Year,97.67904834072272,2735.013353540236,No
1972,Male,28,13,Month-to-Month,102.16479329617712,1328.1423128503027,No
1973,Male,30,31,Two-Year,66.15229275886068,2050.721075524681,No
1974,Male,51,14,Two-Year,118.33056568184674,1656.6279195458542,Yes
1975,Female,42,20,Two-Year,98.6708340707309,1973.416681414618,Yes
1976,Female,24,18,One-Year,97.36625648956658,1752.5926168121985,No
1977,Female,69,29,Two-Year,94.78385744120718,2748.731865795008,Yes
1978,Female,21,6,Month-to-Month,35.060810321827404,210.36486193096442,Yes
1979,Female,25,32,One-Year,41.72308864530108,1335.1388366496346,No
1980,Female,37,29,Month-to-Month,66.3990131464425,1925.5713812468325,No
1981,Female,46,43,Two-Year,46.40043499594658,1995.218704825703,No
1982,Female,70,2,One-Year,61.52409723340404,123.04819446680808,Yes
1983,Female,68,23,Month-to-Month,108.84641099229206,2503.4674528227174,Yes
1984,Male,62,19,Two-Year,102.43268918792693,1946.2210945706115,Yes
1985,Female,63,31,Month-to-Month,83.00398784799822,2573.1236232879446,No
1986,Female,27,5,Month-to-Month,105.81203942511036,529.0601971255518,No
1987,Female,60,19,Month-to-Month,98.37723890172492,1869.1675391327735,No
1988,Female,51,34,Two-Year,62.89849318408905,2138.548768259028,No
1989,Female,43,10,Two-Year,40.10651520499451,401.0651520499451,No
1990,Female,58,25,Month-to-Month,71.42010400093392,1785.502600023348,No
1991,Female,66,2,One-Year,93.622888252855,187.24577650571,No
1992,Female,20,11,One-Year,63.641959872959305,700.0615586025524,No
1993,Female,23,50,Two-Year,86.67719097838972,4333.859548919486,No
1994,Female,22,31,Two-Year,29.43274262910436,912.4150215022352,No
1995,Female,22,15,Two-Year,94.80047363714034,1422.007104557105,No
1996,Male,64,9,Two-Year,101.2713619893062,911.4422579037558,No
1997,Male,40,23,Two-Year,90.68378557805411,2085.7270682952444,No
1998,Female,66,19,One-Year,116.72635875263656,2217.8008163000945,No
1999,Female,26,9,Two-Year,102.66520574606405,923.9868517145765,No
2000,Male,52,35,Month-to-Month,110.30937278765383,3860.828047567884,Yes
